{
  "_id": "course",
  "_type": "course",
  "title": "Open Data Science",
  "displayTitle": "Open Data Science",
  "_buttons": {
    "submit": "Submit",
    "reset": "Reset",
    "showCorrectAnswer": "Model Answer",
    "hideCorrectAnswer": "My Answer"
  },
  "_latestTrackingId": 13,
  "_resources": [
    {
      "title": "Slides and exercises",
      "description": "Access key course materials",
      "_filterButtons": {
        "all": "All",
        "document": "PDF",
        "media": "Media",
        "link": "Link"
      },
      "_resourcesItems": [
        {
          "_type": "link",
          "title": "Course slides",
          "description": "Click here to download the presentation slides for this course",
          "_link": "course/en/slides/ODS.pdf"
        }
      ]
    },
    {
      "title": "Open Refine Servers",
      "description": "Click here to access the open refine servers needed for the cleaning exercise.",
      "_filterButtons": {
        "all": "All",
        "document": "PDF",
        "media": "Media",
        "link": "Link"
      },
      "_resourcesItems": [
        {
          "_type": "link",
          "title": "No servers online",
          "description": "No serviers found, please try refreshing",
          "_link": "#"
        }
      ]
    },
    {
      "title": "Links and resources",
      "description": "Examples and links for course",
      "_filterButtons": {
        "all": "All",
        "document": "PDF",
        "media": "Media",
        "link": "Link"
      },
      "_resourcesItems": []
    },
    {
      "title": "Credits and attribution",
      "description": "View attribution for licensed content",
      "_filterButtons": {
        "all": "All",
        "document": "PDF",
        "media": "Media",
        "link": "Link"
      },
      "_resourcesItems": [
        {
          "_type": "link",
          "title": "Course Overview",
          "description": "Source: Shutterstock<br/>Credit: Eugene Sergeev<br/>Licence: Shutterstock Standard License",
          "_link": "http://www.shutterstock.com/pic-278179001.html"
        },
        {
          "_type": "link",
          "title": "Jobs in data",
          "description": "Source: Flickr<br/>Credit: Tax Credits<br/>Licence: Creative commons attribution 2.0 Generic",
          "_link": "https://www.flickr.com/photos/76657755@N04/8125987596"
        },
        {
          "_type": "link",
          "title": "Key stories",
          "description": "Source: Unclear<br/>Credit: Drew Conway<br/>Licence: Unknown",
          "_link": "http://drewconway.com/zia/2013/3/26/the-data-science-venn-diagram"
        },
        {
          "_type": "link",
          "title": "Perscribing analytics",
          "description": "Source: Unclear<br/>Credit: Mastadon C<br/>Licence: Unknown",
          "_link": "http://www.prescribinganalytics.com/"
        },
        {
          "_type": "link",
          "title": "Network data structure",
          "description": "Source: Shutterstock<br/>Credit: benjaminec<br/>Licence: Shutterstock standard license",
          "_link": "http://www.shutterstock.com/pic.mhtml?id=262874696&src=id"
        },
        {
          "_type": "link",
          "title": "Unlocking data from the web",
          "description": "Source: Shutterstock<br/>Credit: David Arts<br/>Licence: Shutterstock standard license",
          "_link": "http://www.shutterstock.com/pic-144137602"
        },
        {
          "_type": "link",
          "title": "Unlocking data in the web",
          "description": "Source: Shutterstock<br/>Credit: McIek<br/>Licence: Shutterstock standard license",
          "_link": "http://www.shutterstock.com/pic-231672367"
        },
        {
          "_type": "link",
          "title": "Machine learning",
          "description": "Source: Flickr<br/>Credit: xdxd_vs_xdxd<br/>Licence: CC-BY-SA",
          "_link": "https://www.flickr.com/photos/xdxd_vs_xdxd/6829374619"
        },
        {
          "_type": "link",
          "title": "Exploring R",
          "description": "Source: Unclear<br/>Credit: Martin Grandjean<br/>Licence: CC-BY-SA",
          "_link": "http://www.martingrandjean.ch/wp-content/uploads/2013/10/Graphe3.png"
        },
        {
          "_type": "link",
          "title": "The planets",
          "description": "Source: Unclear<br/>Credit: tony_g100<br/>Licence: CC-Zero",
          "_link": "https://commons.wikimedia.org/wiki/File:Relative_satellite_sizes.jpg"
        },
        {
          "_type": "link",
          "title": "SNCF",
          "description": "Source: Unclear<br/>Credit: E.J. Mare<br/>Licence: Unknown",
          "_link": "http://www.c82.net/blog/?id=66"
        },
        {
          "_type": "link",
          "title": "Light cycles",
          "description": "Source: Unclear<br/>Credit: Jo Wood <br/>Licence: Unknown",
          "_link": "https://vimeo.com/33712288"
        },
        {
          "_type": "link",
          "title": "In Flight",
          "description": "Source: Unclear<br/>Credit: The Guardian<br/>Licence: Unknown",
          "_link": "http://www.theguardian.com/world/ng-interactive/2014/aviation-100-years"
        },
        {
          "_type": "link",
          "title": "Cross filters",
          "description": "Source: Unclear<br/>Credit: sponge uk<br/>Licence: Creative commons attribute 4.0 international",
          "_link": "sponge uk"
        },
        {
          "_type": "link",
          "title": "Summary icon clipboard",
          "description": "Source: Shutterstock<br/>Credit: Kritchanut<br/>Licence: Shutterstock Standard License",
          "_link": "http://www.shutterstock.com/pic-189810137.html"
        },
        {
          "_type": "link",
          "title": "Open data institute logo",
          "description": "Source: The Open Data Institute<br/>Credit: The Open Data Institute<br/>Licence: All rights reserved",
          "_link": "http://theodi.org"
        }
      ]
    },
    {
      "title": "Open data",
      "description": "Download and use module content",
      "_filterButtons": {
        "all": "All",
        "document": "PDF",
        "media": "Media",
        "link": "Link"
      },
      "_resourcesItems": [
        {
          "_type": "link",
          "title": "<div align='center'><img class='download-image' src='adapt/css/assets/download.png'><p class='downloadp'>Download menu data</p></div>",
          "description": "",
          "_link": "course/en/components.json"
        },
        {
          "_type": "link",
          "title": "<div align='center'><img class='download-image' src='adapt/css/assets/download.png'><p class='downloadp'>Download sidebar data</p></div>",
          "description": "",
          "_link": "course/en/course.json"
        },
        {
          "_type": "link",
          "title": "Open data certificate",
          "description": "<span class='open-data-certificate'><img alt='Badge' src='adapt/css/assets/badge.png'/><ul class='open-data-certificate-details'> <li> <span>Open: ODI eLearning Data</span> </li> <li> <span>Pilot Open Data Certificate (final)</span> </li> <li> <span>Active - self certified</span> </li> </ul> </span>",
          "_link": "https://certificates.theodi.org/datasets/25215/certificate"
        },
        {
          "_type": "link",
          "title": "Open licence",
          "description": "<div align='center'><img alt='Creative Commons Licence' style='border-width:0' src='https://i.creativecommons.org/l/by-sa/4.0/88x31.png' /></div><br /><span xmlns:dct='http://purl.org/dc/terms/' property='dct:title'>Learning open data</span> by <span xmlns:cc='http://creativecommons.org/ns# property='cc:attributionName'>Open Data Institute</span> is licensed under a Creative Commons Attribution-ShareAlike 4.0 International License.",
          "_link": "http://creativecommons.org/licenses/by-sa/4.0/"
        },
        {
          "title": "Content usage",
          "description": "The content, including text and structure is available for you to <em>use</em>, <em>reuse</em> and <em>share</em> (including for commercial purposes) subject to the conditions of the license above."
        },
        {
          "title": "Exclusions",
          "description": "This license does not cover: <ul><li>Logos and trade marks belonging to the Open Data Institute</li><li>Third party content (such as images)</li></ul>"
        },
        {
          "title": "Non-endorsement",
          "description": "This licence does not grant you any right to use the Information in a way that suggests any official status or that the Information Provider and/or Licensor endorse you or your use of the Information."
        },
        {
          "title": "No warranty",
          "description": "The Information is licensed 'as is'. The Open Data Institute is not liable for any errors or omissions in the Information and shall not be liable for any loss, injury or damage of any kind caused by its use. The Information Provider does not guarantee the continued supply of the Information."
        }
      ]
    },
    {
      "title": "About",
      "description": "Discover how this learning was created",
      "_filterButtons": {
        "all": "All",
        "document": "PDF",
        "media": "Media",
        "link": "Link"
      },
      "_resourcesItems": [
        {
          "_type": "link",
          "title": "ODI Training Team",
          "description": "<div align='center'><img alt='ODI' style='border-width:0' src='adapt/css/assets/odi-logo.png' /></div><br />Expert knowledge, content development and learning plans provided by the by <span xmlns:cc='http://creativecommons.org/ns# property='cc:attributionName'>Open Data Institute</span> training team.",
          "_link": "http://theodi.org/training_team"
        },
        {
          "_type": "link",
          "title": "Sponge UK",
          "description": "<div align='center'><img alt='Sponge UK' style='border-width:0' src='adapt/css/assets/sponge.png' /></div><br />Learning solutions, content production and eLearning expertise provided by <span xmlns:cc='http://creativecommons.org/ns# property='cc:attributionName'>Sponge UK</span>.",
          "_link": "http://www.spongeuk.com"
        },
        {
          "_type": "link",
          "title": "Adapt learning",
          "description": "<div align='center'><img alt='Adapt learning' style='border-width:0' src='adapt/css/assets/adapt.png' /></div><br />Open source learning platform developed by <span xmlns:cc='http://creativecommons.org/ns# property='cc:attributionName'>Adapt learning</span>.",
          "_link": "https://community.adaptlearning.org/"
        }
      ]
    }
  ]
}