{
  "f64ad121fc8e0250264e5d5f00c90d78cd6271a0.png": {
    "title": "ODI Learning Roundal Green-Blue",
    "description": "Main ODI logo",
    "source": "http://theodi.org/",
    "licence": "All rights reserved",
    "attribution": "The Open Data Institute",
    "tags": [
      {
        "title": "ODI logo",
        "_id": "5ee397b8b045644557c81b50"
      },
      {
        "title": "intro logo",
        "_id": "5ee397b8b045644557c81b51"
      }
    ]
  },
  "484db8c2bdaed7a020ae10c7a958be8be7b3e4f1.png": {
    "title": "Clipboard Black (NEW)",
    "description": "Clipboard Black (NEW)",
    "source": "https://theodi.org",
    "licence": "CC-BY-SA",
    "attribution": "The Open Data Institute",
    "tags": []
  },
  "0beb228fb743b462edfe0f4ba9a81ff55c1479d1.jpg": {
    "title": "Numbers",
    "description": "Numbers",
    "source": "https://commons.wikimedia.org/wiki/File:Numbers.jpg",
    "licence": "CC0",
    "attribution": "Ianmacm",
    "tags": []
  },
  "5ed9d6e8096972300c5f48a62bf8afc0262e02e2.png": {
    "title": "infographics",
    "description": "infographics shape of data",
    "source": "https://www.freepik.com/free-vector/businessman-planning-his-strategy_715456.htm",
    "licence": "CC-BY",
    "attribution": "Freepik",
    "tags": []
  },
  "740357f4232c7760bacda8379b82eee086f25f94.pdf": {
    "title": "ML101-compressed.pdf",
    "description": "Slides for public ML101",
    "source": "https://theodi.org",
    "licence": "CC-BY-SA",
    "attribution": "The Open Data Institute",
    "tags": []
  },
  "e1ec5ea9e196c801c86e33b3bb84ca18f533e657.jpeg": {
    "title": "Checklist",
    "description": "Checklist",
    "source": "https://www.pexels.com/photo/banking-business-checklist-commerce-416322/",
    "licence": "CC0",
    "attribution": "Pexels",
    "tags": []
  }
}