{
  "_id": "course",
  "_type": "course",
  "title": "Open Data in Practice",
  "displayTitle": "Open Data in Practice",
  "format": "course",
  "_buttons": {
    "submit": "Submit",
    "reset": "Reset",
    "showCorrectAnswer": "Model Answer",
    "hideCorrectAnswer": "My Answer"
  },
  "_latestTrackingId": 13,
  "_learningOutcomes": [
    {
      "outcome": "Explain how copyright is applied to intellectual works",
      "credits": 5,
      "badge": "strategist"
    },
    {
      "outcome": "Identify whether copyrighted material can be used under exception or open licence",
      "credits": 5,
      "badge": "strategist"
    },
    {
      "outcome": "Explain how copyright applies to data and databases",
      "credits": 10,
      "badge": "strategist"
    },
    {
      "outcome": "Evaluate the challenges in licensing data collected from third parties",
      "credits": 10,
      "badge": "strategist"
    },
    {
      "outcome": "Identify opportunities to apply viral licences",
      "credits": 5,
      "badge": "strategist"
    },
    {
      "outcome": "Identify compatible and equivalent licences",
      "credits": 5,
      "badge": "strategist"
    },
    {
      "outcome": "Differentiate between publically available and publicly usable data",
      "credits": 10,
      "badge": "strategist"
    },
    {
      "outcome": "Describe how the global legal system affects open data",
      "credits": 10,
      "badge": "strategist"
    },
    {
      "outcome": "Examine the potential to use open data as part of a business",
      "credits": 5,
      "badge": "strategist"
    },
    {
      "outcome": "Describe a number of companies that are innovating with open data",
      "credits": 5,
      "badge": "strategist"
    },
    {
      "outcome": "Analyse the risk in opening up data",
      "credits": 15,
      "badge": "strategist"
    },
    {
      "outcome": "Create a value proposition",
      "credits": 10,
      "badge": "strategist"
    },
    {
      "outcome": "Create a business model for an open data startup",
      "credits": 15,
      "badge": "strategist"
    },
    {
      "outcome": "Analyse an open data businesses potential and challenges in managing open data projects",
      "credits": 10,
      "badge": "strategist"
    }
  ],
  "_resources": [
    {
      "title": "Modules",
      "description": "Switch to another module",
      "_filterButtons": {
        "all": "All",
        "document": "PDF",
        "media": "Media",
        "link": "Link"
      },
      "_resourcesItems": [
        {
          "_type": "link",
          "_local": "true",
          "title": "<span class='side-single-title'>Main menu</span>",
          "_link": "../index.html"
        },
        {
          "_type": "link",
          "_local": "true",
          "title": "Practical publication",
          "description": "Get open data online and usable",
          "_link": "../inpractice1/"
        },
        {
          "_type": "link",
          "_local": "true",
          "title": "Open data innovation",
          "description": "Open data innovation",
          "_link": "../inpractice2/"
        },
        {
          "_type": "link",
          "_local": "true",
          "title": "Visualisation and communication",
          "description": "Create impact with open data",
          "_link": "../inpractice3/"
        }
      ]
    },
    {
      "title": "Slides and exercises",
      "description": "Access key course materials",
      "_filterButtons": {
        "all": "All",
        "document": "PDF",
        "media": "Media",
        "link": "Link"
      },
      "_resourcesItems": [
        {
          "_type": "link",
          "title": "Business and open data",
          "description": "Business modelling for open data and potential opportunities",
          "_link": "http://training.theodi.org/resources/ODP_Business.pdf"
        },
        {
          "_type": "link",
          "title": "Licensing law and open data",
          "description": "Global law, copyright, licensing and open data",
          "_link": "http://training.theodi.org/resources/law_and_licensing_odp.pdf"
        },
        {
          "_type": "link",
          "title": "Handout: Licensing law and open data",
          "description": "Accompanying handout for law session",
          "_link": "http://training.theodi.org/resources/Law_and_licensing_handouts_201409.pdf"
        }
      ]
    },
    {
      "title": "Open Refine Servers",
      "description": "Click here to access the open refine servers needed for the cleaning exercise.",
      "_filterButtons": {
        "all": "All",
        "document": "PDF",
        "media": "Media",
        "link": "Link"
      },
      "_resourcesItems": [
        {
          "_type": "link",
          "title": "No servers online",
          "description": "No serviers found, please try refreshing",
          "_link": "#"
        }
      ]
    },
    {
      "title": "Links and resources",
      "description": "Examples and links for course",
      "_filterButtons": {
        "all": "All",
        "document": "PDF",
        "media": "Media",
        "link": "Link"
      },
      "_resourcesItems": [
        {
          "_type": "link",
          "title": "The business model canvas",
          "description": "Get your own copy of the business model canvas",
          "_link": "http://www.businessmodelgeneration.com/canvas"
        },
        {
          "_type": "link",
          "title": "Course bibliogrphy",
          "description": "View books used to help put this course together",
          "_link": "http://training.theodi.org/Bibliography/"
        }
      ]
    },
    {
      "title": "Credits and attribution",
      "description": "View attribution for licensed content",
      "_filterButtons": {
        "all": "All",
        "document": "PDF",
        "media": "Media",
        "link": "Link"
      },
      "_resourcesItems": [
        {
          "_type": "link",
          "title": "Open data about performance",
          "description": "Source: Shutterstock<br/>Credit: Your Design<br/>Licence: Shutterstock Standard License",
          "_link": "http://www.shutterstock.com/pic-201870622.html"
        },
        {
          "_type": "link",
          "title": "scholardream",
          "description": "Source: Unclear<br/>Credit: Scholardream<br/>Licence: All Rights Reserved",
          "_link": "https://www.facebook.com/scholardreamtz/photos/a.913669025347526.1073741827.831523363562093/938615206186241/?type=3&theater"
        },
        {
          "_type": "link",
          "title": "batainfo",
          "description": "Source: Unclear<br/>Credit: batainfo<br/>Licence: All Rights Reserved",
          "_link": "https://twitter.com/batainfo"
        },
        {
          "_type": "link",
          "title": "agrimark",
          "description": "Source: Unclear<br/>Credit: Agrimark<br/>Licence: All Rights Reserved",
          "_link": "http://www.agrimark.co.tz/img/logo.png"
        },
        {
          "_type": "link",
          "title": "Stethoscope and Tablet",
          "description": "Source: Flickr<br/>Credit: Perspecsys Photos<br/>Licence: CC-BY-SA 2.0",
          "_link": "https://www.flickr.com/photos/111692634@N04/15945413591"
        },
        {
          "_type": "link",
          "title": "Value",
          "description": "Source: Flickr<br/>Credit: GotCredit<br/>Licence: CC-BY 2.0",
          "_link": "https://www.flickr.com/photos/jakerust/16205025164"
        },
        {
          "_type": "link",
          "title": "Business goals checklist",
          "description": "Source: Shutterstock<br/>Credit: Anikei<br/>Licence: Shutterstock standard licence",
          "_link": "http://www.shutterstock.com/pic-228594847"
        },
        {
          "_type": "link",
          "title": "Sheet Music",
          "description": "Source: Flickr<br/>Credit: alexanderward12<br/>Licence: CC-BY-SA 2.0",
          "_link": "https://www.flickr.com/photos/15302763@N04/3157820748"
        },
        {
          "_type": "link",
          "title": "Summary icon clipboard",
          "description": "Source: Shutterstock<br/>Credit: Kritchanut<br/>Licence: Shutterstock Standard License",
          "_link": "http://www.shutterstock.com/pic-189810137.html"
        },
        {
          "_type": "link",
          "title": "Open data institute logo",
          "description": "Source: The Open Data Institute<br/>Credit: The Open Data Institute<br/>Licence: All rights reserved",
          "_link": "http://theodi.org"
        }
      ]
    },
    {
      "title": "Open data",
      "description": "Download and use module content",
      "_filterButtons": {
        "all": "All",
        "document": "PDF",
        "media": "Media",
        "link": "Link"
      },
      "_resourcesItems": [
        {
          "_type": "link",
          "title": "<div align='center'><img class='download-image' src='adapt/css/assets/download.png'><p class='downloadp'>Download menu data</p></div>",
          "description": "",
          "_link": "course/en/components.json"
        },
        {
          "_type": "link",
          "title": "<div align='center'><img class='download-image' src='adapt/css/assets/download.png'><p class='downloadp'>Download sidebar data</p></div>",
          "description": "",
          "_link": "course/en/course.json"
        },
        {
          "_type": "link",
          "title": "Open data certificate",
          "description": "<span class='open-data-certificate'><img alt='Badge' src='adapt/css/assets/badge.png'/><ul class='open-data-certificate-details'> <li> <span>Open: ODI eLearning Data</span> </li> <li> <span>Pilot Open Data Certificate (final)</span> </li> <li> <span>Active - self certified</span> </li> </ul> </span>",
          "_link": "https://certificates.theodi.org/datasets/25215/certificate"
        },
        {
          "_type": "link",
          "title": "Open licence",
          "description": "<div align='center'><img alt='Creative Commons Licence' style='border-width:0' src='https://i.creativecommons.org/l/by-sa/4.0/88x31.png' /></div><br /><span xmlns:dct='http://purl.org/dc/terms/' property='dct:title'>Learning open data</span> by <span xmlns:cc='http://creativecommons.org/ns# property='cc:attributionName'>Open Data Institute</span> is licensed under a Creative Commons Attribution-ShareAlike 4.0 International License.",
          "_link": "http://creativecommons.org/licenses/by-sa/4.0/"
        },
        {
          "title": "Content usage",
          "description": "The content, including text and structure is available for you to <em>use</em>, <em>reuse</em> and <em>share</em> (including for commercial purposes) subject to the conditions of the license above."
        },
        {
          "title": "Exclusions",
          "description": "This license does not cover: <ul><li>Logos and trade marks belonging to the Open Data Institute</li><li>Third party content (such as images)</li></ul>"
        },
        {
          "title": "Non-endorsement",
          "description": "This licence does not grant you any right to use the Information in a way that suggests any official status or that the Information Provider and/or Licensor endorse you or your use of the Information."
        },
        {
          "title": "No warranty",
          "description": "The Information is licensed 'as is'. The Open Data Institute is not liable for any errors or omissions in the Information and shall not be liable for any loss, injury or damage of any kind caused by its use. The Information Provider does not guarantee the continued supply of the Information."
        }
      ]
    },
    {
      "title": "About",
      "description": "Discover how this learning was created",
      "_filterButtons": {
        "all": "All",
        "document": "PDF",
        "media": "Media",
        "link": "Link"
      },
      "_resourcesItems": [
        {
          "_type": "link",
          "title": "ODI Training Team",
          "description": "<div align='center'><img alt='ODI' style='border-width:0' src='adapt/css/assets/odi-logo.png' /></div><br />Expert knowledge, content development and learning plans provided by the by <span xmlns:cc='http://creativecommons.org/ns# property='cc:attributionName'>Open Data Institute</span> training team.",
          "_link": "http://theodi.org/training_team"
        },
        {
          "_type": "link",
          "title": "Sponge UK",
          "description": "<div align='center'><img alt='Sponge UK' style='border-width:0' src='adapt/css/assets/sponge.png' /></div><br />Learning solutions, content production and eLearning expertise provided by <span xmlns:cc='http://creativecommons.org/ns# property='cc:attributionName'>Sponge UK</span>.",
          "_link": "http://www.spongeuk.com"
        },
        {
          "_type": "link",
          "title": "Adapt learning",
          "description": "<div align='center'><img alt='Adapt learning' style='border-width:0' src='adapt/css/assets/adapt.png' /></div><br />Open source learning platform developed by <span xmlns:cc='http://creativecommons.org/ns# property='cc:attributionName'>Adapt learning</span>.",
          "_link": "https://community.adaptlearning.org/"
        }
      ]
    }
  ]
}