Agency Name,Project Name,Lifecycle Cost
Department of Agriculture,Initial Operating Capability (IOC) Deployment,119098.812
Department of Agriculture,ROSS Operations and Maintenance (O&M),8127.961
Department of Agriculture,ROSS Development Modernization and Enhancement (DME),7544.025
Department of Agriculture,CIIS Hosting Maintenance and Operations,6119
Department of Agriculture,FY12 Infrastructure Operations and Maintenance,3805
Department of Commerce,Balance of Payments Process Modernization,1.24
Department of Commerce,National Accounts Modernization,0.413
Department of Commerce,FY 11 Releases,9.696
Department of Commerce,FY11 Controls Testing,0.59
Department of Commerce,FY12 Releases,9.76
Department of Defense,ICD-10,5.468
Department of Defense,Integrate Wounded Ill and Injured (WII) Warrior initiatives and Enterprise Blood Management System (EBMS)  into AHLTA,9.764
Department of Defense,Global Combat Support System - Marine Corps (GCSS-MC) Increment 1,1022
Department of Defense,Increment 1,367.2
Department of Defense,Increment 2,127.2
Department of Health and Human Services,Electronic Document Exchange,0.441
Department of Health and Human Services,Passport Denial Online Enhancements,0.043
Department of Health and Human Services,Debt Inquiry Enhancements,0.11
Department of Health and Human Services,E-Employer Search With NDNH,0.258
Department of Health and Human Services,IRG Interface for OCSE Web Redesign,0.314
Department of the Interior,Prepare investment for replacement,0.021
Department of the Interior,TAAMS A and D,0.2001
Department of the Interior,System Upgrades,0.087
Department of the Interior,ePlanning Phase 2.0.3,1.061
Department of the Interior,RMSS REMM2012 (Refresh, Enhancement, Maintenance, and Mitigate),2
Department of Justice,JMD Unified Financial Management System (UFMS),851.145712
Department of Justice,Federal Bureau of Investigation (FBI) Phase 2 (CJIS),48.421
Department of Justice,United States Marshals Service (USMS) Phase 2,17.661015
Department of Justice,Bureau of Prisons (BOP),0.747266
Department of Justice,Asset Forfeiture Program (AFP) Phase 2,5.902
Department of Labor,FCCS - Deployment #1,6.402
Department of Labor,IPS System Development: PPI Web Repricing, IPS Initiation and IPP Repricing,0.674
Department of Labor,IPS System Development: IPP Estimation,1.029
Department of Labor,Maintenance - PPI Repricing and Estimation Subsystems Upgrade,1.572
Department of Labor,Maintenance - PPI Estimation Subsystem Variance Upgrade,0.568
Department of State,Fleet Management Information System,3.289
Department of State,ILMS Enhancement Management,17.617
Department of State,Expendables,1.45
Department of State,Overseas Integrated Deployments,16.066
Department of State,Knowledge Discovery Tool,2.112
Department of the Treasury,Account Management Services (AMS),20.87
Department of the Treasury,Automated Standard Application for Payments (ASAP),73.582
Department of the Treasury,Bank Secrecy Act (BSA) IT Modernization,41.737
Department of the Treasury,PIV Data Synchronization Project,12
Department of the Treasury,PACS Rollout,66.263938
Social Security Administration,FY11 CARE through 2020,46.36025
Social Security Administration,FY12 Transition and Development Management Resources,2.82
Social Security Administration,FY12 Interactive Voice Response (IVR) Services,18.4
Social Security Administration,FY12 Computer Telephony Interation (CTI) Desktop Project,6
Social Security Administration,FY12 Management Information (MI) Reporting,8.75
Department of Education,Integrated Partner Management (IPM) - FY 2012,4.528542
Department of Education,FY11: IPM Iteration 1 and Iteration 2,8.862
Department of Education,BFELoB,1.145
Department of Education,FY12 Maintenance,0.5
Department of Education,2011-12 Collection Task 3: Web Based Data Collection Software,1.34141
Department of Energy,STRIPES:  Western Deployment,0.006
Department of Energy,STRIPES:  Labor Intensive Processes,0.0035
Department of Energy,STRIPES:  Integration with the Office of Science Portfolio Analysis Management System (PAMS),0.004
Department of Energy,STRIPES Upgrade,0.008
Department of Energy,CHRIS: PeopleSoft 9.1 Transition,0.6286
Environmental Protection Agency,CDX FY2012 Planning,1.72
Environmental Protection Agency,CDX FY2012 Development,6.69
Environmental Protection Agency,Project Management,0.2218
Environmental Protection Agency,Compliance and Program Reporting,0.1546
Environmental Protection Agency,Interoperability and Intraoperability Requirements,0.1546
Department of Transportation,Colorado Wide Area Multilateration (WAM Phase 2),9.109222
Department of Transportation,3 Nautical Mile Separation,3.489873
Department of Transportation,Automation Upgrades,80.567407
Department of Transportation,Air Traffic Control (ATC) Surface Advisory Services,142.149761
Department of Transportation,Ground Based Interval Management (GIM),104.430457
General Services Administration,Data Center Consolidation,0.732
General Services Administration,Cloud Computing,0.492
General Services Administration,Federal Risk and Authorization Management Program,1.218
General Services Administration,Data.gov FY12 DME Program Management,1
General Services Administration,Data.gov FY12 DME Infrastructure,1.93
Department of Homeland Security,HSIN 3.0 DME,22.342
Department of Homeland Security,HS SLIC Consolidation,2.5
Department of Homeland Security,Two Factor Authentication in Legacy,0.313
Department of Homeland Security,DHS COP Infrastructure deployment @ DHS Data Center 2,0.5
Department of Homeland Security,DHS COP enhanced functionality capabilities,2.4
Department of Housing and Urban Development,HIFMIP,40.7
Department of Housing and Urban Development,FHA Transformation,51.5
Department of Housing and Urban Development,MultiFamily Housing Development and Automated Underwriting Solution,7
Department of Housing and Urban Development,HEARTH Act Implementation Project / eGrants,25.6
Department of Housing and Urban Development,Grants Management - Automated Environment Review &amp; HOME Program Financial Controls,3
National Aeronautics and Space Administration,Integration with the Security Operations Center,0.25
National Aeronautics and Space Administration,Complete Hardware Refresh with a more virtualized environment,1.5
National Aeronautics and Space Administration,Upgrade all COTS products to the current version,0.5
National Aeronautics and Space Administration,FY11 Operational Support,13
National Aeronautics and Space Administration,FY11 Continuing Science Operations,116.733
Office of Personnel Management,Acquistion Services,0.2
Office of Personnel Management,Operations and Maintenance,4.29
Office of Personnel Management,Critical Agency CBIS Tasks,0.865
Office of Personnel Management,CBIS FY11 Tasks and Milestones,13.4
Office of Personnel Management,Human Resources Line of Business,60.662272
Small Business Administration,PROJ: LAS ADMIN,0.034
Small Business Administration,PROJ: LAS Document Loan Accounting,1.2237
Small Business Administration,PROJ: LAS Implement Improvements,3.6407
Small Business Administration,PROJ: LAS Incremental UI,1.6193
Small Business Administration,PROJ: LAS Perform Root Cause,0.7257
Department of Veterans Affairs,Veterans On Line Application (VONAPP) II,30.49
Department of Veterans Affairs,VAM Health Resource Center (HRC) Phase II,47.256105
Department of Veterans Affairs,E-Benefits Portal,67.026
Department of Veterans Affairs,VAM Health Resource Center (HRC) Phase I,3.582984
Department of Veterans Affairs,IAM Identity Services,114.572699
U.S. Agency for International Development,GLAAS PRISM 7.1 Upgrade,6.836
U.S. Agency for International Development,GLAAS Enterprise Disaster Recovery,1.522
U.S. Agency for International Development,Identify authoritative data sets,0.025
U.S. Agency for International Development,Select data sets,0.02
U.S. Agency for International Development,Develop migration criteria,0.036
U.S. Army Corps of Engineers,Deployment amp; Growth,4
U.S. Army Corps of Engineers,ENGLink Interactive O and M,12.047
U.S. Army Corps of Engineers,LPMS Integration,0.605
U.S. Army Corps of Engineers,WCSC Navigation Module Modernization,0.65
U.S. Army Corps of Engineers,FY 2012 - Integrated T and E / Deploy,0.7
National Archives and Records Administration,Develop and Implement Increment 5 - Workflow Engineering.,0.35
National Archives and Records Administration,Develop and Implement Increment 5 - Reports.,0.237
National Archives and Records Administration,Develop and Implement Increment 5 - Registry Phase 2,0.85
National Archives and Records Administration,MPLS and TIC Bandwidth Upgrade,0.122
National Archives and Records Administration,IT System Certification and Accreditation (C and A),0.991
National Science Foundation,Migrate to Cloud,1.027
National Science Foundation,Government-Wide Initiatives,1.14
National Science Foundation,Data Center Transition,2.222
National Science Foundation,Technology Upgrades (Infrastructure),2.788
National Science Foundation,Future NSF,0.265
Nuclear Regulatory Commission,Emergency Telecommunication System (ETS),0.32
Nuclear Regulatory Commission,Secure Video Telecommunications System (SVTC),0.6
Nuclear Regulatory Commission,Emergency Response Data System (ERDS),0.84
Nuclear Regulatory Commission,Operations Center Information Management System  (OCIMS),0.952
Nuclear Regulatory Commission,EPM 11.1.2.1 Upgrade,0.181
