Unique Investment Identifier,Business Case ID,Agency Code,Agency Name,Investment Title,Project ID,Agency Project ID,Project Name,Project Description,Start Date,Completion Date (B1),Planned Project Completion Date (B2),Projected/Actual Project Completion Date (B2),Lifecycle Cost,Schedule Variance (in days),Schedule Variance (%),Cost Variance ($ M),Cost Variance (%),Planned Cost ($ M),Projected/Actual Cost ($ M),Updated Date,Updated Time,Unique Project ID
005-000001870,225,5,Department of Agriculture,Farm Program Modernization (MIDAS) #097,1676,,Initial Operating Capability (IOC) Deployment,IOC Release 1 acquisition and detailed planning will occur in FY11 Q3-Q4. Releases will follow SAP ASAP methodology (project prep, blueprint, realization, final prep and go live).,01/07/2011,30/09/2012,,,119098.812,0,0,-3.119485,-2.62,119.099001,122.218486,28/02/2012,11:25:27,1
005-000000028,250,5,Department of Agriculture,ROSS - Resource Ordering and Status System,1114,,ROSS Operations and Maintenance (O&M),Operations and Maintenance of the ROSS application.,01/10/2011,30/09/2015,,,8127.961,0,0,0.082498,1.01,8.127961,8.045463,31/05/2012,14:22:14,1
005-000000028,250,5,Department of Agriculture,ROSS - Resource Ordering and Status System,1115,,ROSS Development Modernization and Enhancement (DME),DME of the remaining Phase 2 scope of the ROSS application.,01/10/2011,31/01/2013,,,7544.025,0,0,0,0,7.52596,7.52596,30/06/2012,14:58:48,2
005-000000067,247,5,Department of Agriculture,RMA-02  Corporate Insurance Information Systems (CIIS),1665,,CIIS Hosting Maintenance and Operations,O&amp;M. Includes AFS, DAS and CRS.,01/10/2010,30/09/2012,,,6119,0,0,0.00014,0,6119,6118.99986,01/08/2012,13:23:42,CIIS-04
005-000001430,248,5,Department of Agriculture,RMA-04  Infrastructure Modernization, Support and Training (IMST),2938,,FY12 Infrastructure Operations and Maintenance,Operations and Maintenance Costs.,01/10/2011,30/09/2012,,,3805,0,0,-155.74994,-4.27,3649.24997,3804.99991,01/08/2012,13:23:45,FY12-OM
006-000525200,629,6,Department of Commerce,BEA Estimation Information Technology System (BEA-EITS),1230,,Balance of Payments Process Modernization,Parallel test components of new BP system.,20/08/2011,30/09/2012,30/09/2012,30/09/2012,1.24,0,0,0.402,32.42,1.24,0.838,29/06/2012,13:01:20,5252D11221
006-000525200,629,6,Department of Commerce,BEA Estimation Information Technology System (BEA-EITS),1231,,National Accounts Modernization,Initiate real-time parallel testing of integrated system for producing monthly GDP and personal income estimates.,20/08/2011,31/03/2012,31/03/2012,31/03/2012,0.413,0,0,-0.013,-3.25,0.4,0.413,29/06/2012,13:01:20,5252D11222
006-000525200,629,6,Department of Commerce,BEA Estimation Information Technology System (BEA-EITS),1235,,FY 11 Releases,Produce timely, relevant, and accurate economic accounts data in an objective and cost-effective manner.,01/10/2010,30/09/2011,30/09/2011,30/09/2011,9.696,0,0,-0.001,-0.04,2.424,2.425,24/10/2011,12:27:26,5252O11111
006-000525200,629,6,Department of Commerce,BEA Estimation Information Technology System (BEA-EITS),1236,,FY11 Controls Testing,Maintain the integrity of BEA Statistics by completing independent testing of security controls.,01/10/2010,30/09/2011,30/09/2011,23/09/2011,0.59,7,7.69,0,0,0.13,0.13,24/10/2011,12:27:26,5252O11112
006-000525200,629,6,Department of Commerce,BEA Estimation Information Technology System (BEA-EITS),1237,,FY12 Releases,Produce timely, relevant, and accurate economic accounts data in an objective and cost-effective manner.,01/10/2011,30/09/2012,30/09/2012,30/09/2012,9.76,0,0,0.34,3.48,9.76,9.42,30/07/2012,11:43:49,5252O12111
007-000000049,13,7,Department of Defense,Armed Forces Health Longitudinal Technology Application,2570,P0049-101,ICD-10,International Statistical Classification of Diseases and Related Health Problems 10th Revision (ICD-10) codes.,15/09/2011,14/09/2012,14/09/2012,14/09/2012,5.468,0,0,0,0,5.468,5.468,01/06/2012,10:53:07,P0049-101
007-000000049,13,7,Department of Defense,Armed Forces Health Longitudinal Technology Application,2571,P0049-102,Integrate Wounded Ill and Injured (WII) Warrior initiatives and Enterprise Blood Management System (EBMS)  into AHLTA,Integrate WII Warrior initiatives (Medical Evaluation Board Information Technology Initiative (MEB ITI) / Neuro-Cognitive Assessment Tool (NCAT) & Health Artifact and Image Management Solution (HAIMS)) and Enterprise Blood Management System (EBMS)  into AHLTA.,27/09/2011,12/09/2012,12/09/2012,12/09/2012,9.764,0,0,0,0,9.764,9.764,01/06/2012,10:53:07,P0049-102
007-000000155,14,7,Department of Defense,GLOBAL COMBAT SUPPORT SYSTEM - MARINE CORPS,2575,P0155-101,Global Combat Support System - Marine Corps (GCSS-MC) Increment 1,GCSS-MC:  The Global Combat Support System - Marine Corps (GCSS-MC) is a portfolio of systems that supports logistics elements of command and control, joint logistics interoperability, and secure access to and visibility of logistics data. GCSS-MC is based upon the Marine Corps Logistics Operational Architecture and logistics business process reengineering initiatives. GCSS-MC is part of a joint GCSS effort, managed by the Joint Staff J-4, aimed at improving logistics capability and filling in deficiencies in the accuracy and timeliness of logistics data. GCSS-MC/LCM:  GCSS-MC Logistics Chain Management (LCM) is a program within GCSS-MC. It is comprised of Increments 1, 2, and 3.  GCSS-MC LCM Increment 1 is the first increment of GCSS-MC.  It provides initial capabilities for GCSS-MC.  The system provides Combat Service Support functionality: Supply, Maintenance, Task Organization, and Request Tracking in a shared data environment in support of deployed operations. Specifically the system centralizes logistics information for access by multiple authorized users (closing a significant warfighting gap), complies with the J-4 GCSS Mission Area Interface Control Document that establishes a DoD Family of Systems for logistics information visibility and decision support, and satisfies initial Marine Corps requirements for meeting Combatant Commander 129/57 Data Elements that provide asset visibility data to Combatant and Joint Task Force Commanders.   GCSS-MC/LCM Increment 1:  GCSS-MC LCM Increment 1 is the first increment of GCSS-MC/LCM.  It is a separate acquisition program with its own milestone events.  It is based on the implementation of Oracle e-Business Suite 11i as the core software package.  Increment 1 provides the foundation for all future Marine Corps logistics systems modernization.  Increments 2 and 3 are not reported here because they have not officially been approved through the new Business Case Lifecycle (BCL) process.,01/10/2003,30/09/2023,01/07/2013,11/03/2013,1022,112,9.82,9.2,3.3,279,269.8,29/02/2012,10:06:31,P0155-101
007-000000178,15,7,Department of Defense,DEFENSE ENTERPRISE ACCOUNTING AND MANAGEMENT SYSTEM,2576,P0178-103,Increment 1,Full accounting for USTRANSCOM, Material Sealift Command, Surface Deployment and Distribution Command, Air Mobility Command, Air Combat Command, United States Air Forces Europe, Pacific Air Force, Air Force Special Operations Command, Air Education and Training Command, Air Force Reserve Command, Air National Guard, and Air Force Global Strike Command. Provide Design/Development/Test of the system.,01/08/2011,30/09/2017,,,367.2,0,0,0,0,321.47,321.47,29/02/2012,12:25:08,P0178-103
007-000000178,15,7,Department of Defense,DEFENSE ENTERPRISE ACCOUNTING AND MANAGEMENT SYSTEM,2577,P0178-121,Increment 2,Full accounting for Air Force Material Command and Air Force Space Command.  Provide Design/Development/Test of the system.,01/04/2010,30/08/2017,,,127.2,0,0,0,0,65.1,65.1,26/10/2011,08:43:38,P0178-121
009-000001422,184,9,Department of Health and Human Services,ACF Expanded Federal Parent Locator Service (OCSE),2206,288661,Electronic Document Exchange,The Electronic Document Exchange project addresses the development of a secure transport mechanism for states to electronically exchange Child Support Enforcement (CSE) documents like Affidavits of Paternity, Birth Certificates and Court Orders.  The project supports the Office of Child Support Enforcement's (OCSE's) vision of developing an integrated technical infrastructure that leverages new technologies and approaches to reduce program cost by improving electronic exchanges. Pilot is expected in 2012.,20/10/2010,21/08/2012,,,0.441,-10,-1.49,-0.003,-0.68,0.441,0.444,23/07/2012,09:40:58,288661
009-000001422,184,9,Department of Health and Human Services,ACF Expanded Federal Parent Locator Service (OCSE),2207,288908,Passport Denial Online Enhancements,The purpose of this project is to update and expand Passport Denial functionality.           The scope of the enhancements includes: * Allowing state users to view Passport Denial information when a case is closed * Developing a page that allows administrators to select success stories by date range for saving to a local file * Removing Passport Denial type from dropdown list in Comments selection page * Correcting the sorting of Department of State (DoS) details for combined cases.,05/07/2011,07/10/2011,07/10/2011,07/10/2011,0.043,0,0,0.001,2.38,0.042,0.041,26/04/2012,10:50:52,288908
009-000001422,184,9,Department of Health and Human Services,ACF Expanded Federal Parent Locator Service (OCSE),2208,288983,Debt Inquiry Enhancements,This project, currently in the planning phase, will expand the FPLS Portal Debt Inquiry function to provide an alternative method of receiving files for insurance matching partners and implement application enhancements identified by the pilot users. The cost, schedule and milestone estimates provided are a rough order of magnitude estimate determined at the post-award Integrated Baseline Review for this contract, and are subject to change. A detailed project plan, schedule, and cost estimate will be presented to the FPLS Strategic Planning and Oversight Board prior to commencement of these activities, at which point, additional details will be provided here.,10/10/2011,20/01/2012,20/01/2012,20/01/2012,0.11,0,0,0.002,1.82,0.11,0.108,26/04/2012,10:50:52,288983
009-000001422,184,9,Department of Health and Human Services,ACF Expanded Federal Parent Locator Service (OCSE),2209,288984,E-Employer Search With NDNH,This project, currently in the planning phase, will enhance the FPLS E-Employer application to provide the capability for authorized state case workers to access employer address information from the National Directory of New Hires (NDNH).  It will include a search by employer name. This project is also dependent on the completion of the NDNH Employer Address to Relational Database Project. The cost, schedule and milestone estimates provided are a rough order of magnitude estimate determined at the post-award Integrated Baseline Review for this contract, and are subject to change.  A detailed project plan, schedule, and cost estimate will be presented to the FPLS Strategic Planning and Oversight Board prior to commencement of these activities, at which point, additional details will be provided here.,04/04/2012,25/10/2012,,,0.258,0,0,-0.001,-0.39,0.258,0.259,23/07/2012,09:40:58,288984
009-000001422,184,9,Department of Health and Human Services,ACF Expanded Federal Parent Locator Service (OCSE),2210,288989,IRG Interface for OCSE Web Redesign,This project, currently in the planning phase, will modify the IRG data structures to allow citizens easier access to state child support agency contact information from the OCSE website.  The project is dependent on the overall OCSE website redesign project (not part of the FPLS investment), and high level requirements are currently being analyzed.  The cost, schedule and milestone estimates provided are a rough order of magnitude estimate determined at the post-award Integrated Baseline Review for this contract, and are subject to change. A detailed project plan, schedule, and cost estimate will be presented to the FPLS Strategic Planning and Oversight Board prior to commencement of these activities, at which point, additional details will be provided here.,10/10/2011,16/08/2012,,,0.314,-15,-4.82,-0.027,-8.63,0.313,0.34,23/07/2012,09:40:58,288989
010-000000066,644,10,Department of the Interior,BIA - Loan Management and Accounting System (LOMAS),1154,,Prepare investment for replacement,Prepare LOMAS for replacement by GLAS.,03/10/2011,30/03/2012,30/03/2012,15/02/2012,0.021,44,24.58,0.00154,7.33,0.021,0.01946,24/05/2012,12:55:48,1
010-000000077,646,10,Department of the Interior,BIA - Trust Asset Accounting Management System (TAAMS),1155,,TAAMS A and D,TAAMS Acquisition and Disposal Module with Fee to Trust Tracking System.,01/10/2011,31/05/2012,,,0.2001,-122,-50.21,0,0,0.2001,0.2001,28/02/2012,09:57:51,2
010-000000083,647,10,Department of the Interior,BIE - Native American Student Information System (NASIS),1156,,System Upgrades,Upgrade application - bug fixes etc.,01/07/2011,30/06/2012,30/06/2012,30/06/2012,0.087,-62,-16.99,0,0,0.087,0.087,29/02/2012,08:13:44,1
010-000000156,652,10,Department of the Interior,BLM - IT Support for Resources and Mineral Land Use Planning (ePlanning),1157,,ePlanning Phase 2.0.3,ePlanning version 2.0.3 is the last phase of ePlanning development, and is Phase 3 of ePlanning version 2. The functions included in this final phase are: Intra-Agency Comment Periods, National Environmental Policy Act (NEPA) Screening, Date Last Changed, Project Archiving, Content Reuse, Publish ePlanning Document to Digital Media, Records management and Retention, Geospatial Mapping to the Approved Resource Management Plan (ARMP).,01/07/2011,30/09/2012,30/09/2011,30/09/2011,1.061,-336,-369.23,0,0,0.2122,0.2122,14/08/2012,11:34:45,eP-201101
010-000000299,656,10,Department of the Interior,BOR1-RMSS (Reclamation Mission Support Services),1161,,RMSS REMM2012 (Refresh, Enhancement, Maintenance, and Mitigate),This RMSS REMM O&M project includes scheduled refreshing/updating the technology and component to improve efficiency and enhance performance. Implement new technologies to facilitate consolidation efforts with the Department where identified. Perform scheduled/unscheduled maintenance activities. Mitigate identified weaknesses and vulnerabilities.,01/10/2011,30/09/2012,,,2,0,0,0,0,2,2,24/05/2012,13:08:46,REMM2012
011-000001126,426,11,Department of Justice,JMD Unified Financial Management System (UFMS),594,,JMD Unified Financial Management System (UFMS),The Department of Justice (DOJ) has initiated an effort to implement a unified financial management system (UFMS) that will improve the existing and future financial management and procurement operations across DOJ.,01/10/2002,30/09/2021,18/09/2013,18/09/2013,851.145712,0,0,0.389534,0.92,42.348096,41.958562,25/06/2012,08:22:23,001126-A
011-000001126,426,11,Department of Justice,JMD Unified Financial Management System (UFMS),2929,,Federal Bureau of Investigation (FBI) Phase 2 (CJIS),The implementation of UFMS-S at the FBI will consist of business transformation, testing, and implementation.,18/10/2010,30/03/2015,30/03/2015,30/03/2015,48.421,0,0,0.040407,0.08,48.420743,48.380336,27/02/2012,11:47:04,001126-C
011-000001126,426,11,Department of Justice,JMD Unified Financial Management System (UFMS),2930,,United States Marshals Service (USMS) Phase 2,The implementation of UFMS at the U.S. Marshals Service will follow a two-phase approach consisting of Planning and Requirements followed by Configuration and Implementation..,01/03/2010,14/12/2012,14/12/2012,14/12/2012,17.661015,0,0,0,0,17.633992,17.633992,27/02/2012,11:47:04,001126-D
011-000001126,426,11,Department of Justice,JMD Unified Financial Management System (UFMS),2931,,Bureau of Prisons (BOP),The upgrade of BOP and USMS comprises the work to move from the UFMS 1.1 Shared Acquisitions to the UFMS 2 shared environment utilizing similar acquisition functionality.,01/01/2012,02/01/2013,02/01/2013,02/01/2013,0.747266,0,0,0,0,0.747266,0.747266,27/02/2012,11:47:04,001126-E
011-000001126,426,11,Department of Justice,JMD Unified Financial Management System (UFMS),2932,,Asset Forfeiture Program (AFP) Phase 2,The implementation of UFMS at the AFP will follow a two-part approach consisting of Planning and Requirements followed by Configuration and Implementation.,01/11/2010,30/11/2012,05/09/2012,05/09/2012,5.902,0,0,0.016591,0.28,5.901918,5.885327,27/02/2012,11:47:04,00126-B
012-000003470,88,12,Department of Labor,OFCCP - Federal Contractor Compliance System,101,,FCCS - Deployment #1,The FCCS will replace OFIS with a modern COTS case management system, improving and automating business processes, workflows, and enhancing OFCCP s ability to fulfill its federal contract compliance mission in a more efficient and timely fashion.  The Deployment #1 will provide all base functionality necessary to replace the current OFIS system and provide essential enhancements to meet the business needs.,25/09/2011,16/12/2012,,,6.402,0,0,0,0,6.402,6.402,13/04/2012,07:38:52,347001
012-000003535,101,12,Department of Labor,BLS - Industrial Prices Systems (IPS),1380,,IPS System Development: PPI Web Repricing, IPS Initiation and IPP Repricing,Develop software to deploy the PPI Web Repricing module and complete the Architectural Elaboration milestone for the IPS Initiation and IPP Repricing subsystems.,01/07/2011,30/09/2011,30/09/2011,30/09/2011,0.674,0,0,-0.012959,-1.92,0.674,0.686959,15/11/2011,12:12:58,353501
012-000003535,101,12,Department of Labor,BLS - Industrial Prices Systems (IPS),1381,,IPS System Development: IPP Estimation,Develop software to complete the Architectural Elaboration milestone for the IPP Estimation subsystem.,03/10/2011,28/09/2012,28/09/2012,28/09/2012,1.029,0,0,-0.027087,-2.63,1.029,1.056087,14/05/2012,05:35:14,3535010
012-000003535,101,12,Department of Labor,BLS - Industrial Prices Systems (IPS),1382,,Maintenance - PPI Repricing and Estimation Subsystems Upgrade,Upgrade PPI Repricing and Estimation subsystems for the timely and accurate release of PPI data.,03/10/2011,29/06/2012,29/06/2012,29/06/2012,1.572,0,0,0.524,33.33,1.572,1.048,12/07/2012,12:42:43,353502
012-000003535,101,12,Department of Labor,BLS - Industrial Prices Systems (IPS),1383,,Maintenance - PPI Estimation Subsystem Variance Upgrade,Perform application maintenance to support new PPI program outputs.,03/10/2011,28/09/2012,28/09/2012,28/09/2012,0.568,0,0,0.146,25.7,0.568,0.422,14/05/2012,05:35:14,353503
014-000000012,718,14,Department of State,A-LM - Integrated Logistics Management System,1537,,Fleet Management Information System,Build, test and pilot ILMS module to support motorpool operations world-wide with one standardized web-based solution to manage the Department's global fleet including vehicle registration, employee management, dispatch, maintenance, fuel, and reporting and querying.,01/10/2009,30/09/2012,30/09/2012,30/12/2011,3.289,275,37.67,-0.31682,-14.08,2.25,2.56682,30/03/2012,10:48:49,10
014-000000012,718,14,Department of State,A-LM - Integrated Logistics Management System,1538,,ILMS Enhancement Management,Significant enhancements to ILMS modules, including external integration with DoS and other federal systems.,01/10/2009,30/09/2016,,,17.617,0,0,1.081583,14.28,7.573,6.491417,31/08/2012,08:55:19,12
014-000000012,718,14,Department of State,A-LM - Integrated Logistics Management System,1539,,Expendables,Build, test and pilot ILMS module for all Expendables orders. The module replaces the current WebPass Expendables module and builds required integration with Ariba for all Expendables orders.,01/10/2010,28/09/2012,28/09/2012,30/03/2012,1.45,28,7.76,-0.067912,-27.16,0.25,0.317912,30/05/2012,05:37:37,24
014-000000012,718,14,Department of State,A-LM - Integrated Logistics Management System,1540,,Overseas Integrated Deployments,ILMS Program Management Office (PMO) activities to support the integrated deployment of ILMS to new users at overseas Posts and deployment of new functionality including FMIS, Expendables and Ariba Contracts.,01/10/2009,30/09/2013,,,16.066,0,0,-0.467917,-6.12,7.6439,8.111817,30/03/2012,10:48:49,5
014-000000012,718,14,Department of State,A-LM - Integrated Logistics Management System,1541,,Knowledge Discovery Tool,This project provides support to IRM for their implementation of a streamlined inventory method for identifying and tracking enterprise IT assets across the Department's network in direct support of IT consolidation with no manual intervention. Activities include on-going reconciliation and data-cleanup activities, integration support, and on-going knowledge transfer.,30/10/2009,28/09/2012,,,2.112,0,0,0.129094,17.95,0.71912,0.590026,30/03/2012,10:48:49,9
015-000000046,498,15,Department of the Treasury,Account Management Services (AMS),720,38,Account Management Services (AMS),AMS delivers improved customer support by leveraging legacy systems to Customer Service Representatives (CSRs), Tax Examiners (TEs)and others with the tools to access information quickly and accurately in response to complex customer inquiries.,01/10/2011,30/09/2012,,,20.87,0,0,0.967725,5.43,17.827732,16.860007,20/07/2012,09:43:10,2447
015-000000034,500,15,Department of the Treasury,Automated Standard Application for Payments (ASAP),1142,20,Automated Standard Application for Payments (ASAP),Consistent with FMS and Treasury missions, ASAP is a recipient-initiated electronic payment and information system used to make: federal grant payments, reimbursements to financial agents, and EBT disbursements to states.  ASAP is executing its selected alternative (AA/CBA 3/2010) migrating the mainframe backend on the FRIT platform to TWAI distributed platform and implementing mandated enterprise architecture (EA) enhancements and infrastructure upgrades.ASAP is the Department of Treasury's sole solution for recipient-initiated payments and is not planned for replacement.,01/10/1998,30/09/2021,31/12/2012,31/12/2012,73.582,0,0,-0.463,-4.27,10.832,11.295,02/07/2012,09:05:20,1
015-000000040,501,15,Department of the Treasury,BSA IT Modernization,538,58,Bank Secrecy Act (BSA) IT Modernization,The BSA IT Modernization project will establish an enterprise-wide information management and analysis framework that will equip law enforcement and financial industry regulators with better decision-making abilities and increased value of BSA information through enhanced data integrity and analytical tools.  This project will also enable easier compliance and streamline BSA information capture for FinCENs financial community through the enhancement of e-filing and e-forms systems for filers, standardization of financial data with existing financial community standards, and more timely and useful feedback on BSA information filings and the use of BSA information.,03/05/2010,30/04/2013,01/04/2013,01/04/2013,41.737,0,0,6.3725,15.27,41.737,35.3645,31/08/2012,13:54:11,BSA MOD
015-000000066,503,15,Department of the Treasury,Treasury Enterprise Identity, Credential and Access Management (TEICAM),540,264,PIV Data Synchronization Project,This project consolidates data sources such as HR Connect, USAccess, and TEDS associated with getting a PIV card in order to streamline the process to get the cards faster and also to terminate separated cardholder's records faster realizing both cost savings and security benefits.,01/03/2011,30/09/2013,,,12,0,0,0,0,5.422745,5.422745,25/07/2012,08:28:24,PDS-001
015-000000066,503,15,Department of the Treasury,Treasury Enterprise Identity, Credential and Access Management (TEICAM),3237,1446,PACS Rollout,Physical Access roll out project includes upgrading building access systems, centralized provisioning automated capabilities, business rules for provisioning internal and external users and upgrading legacy systems.,01/10/2011,30/09/2016,,,66.263938,0,0,0,0,31.313438,31.313438,25/07/2012,08:28:24,PACS-001
016-000002139,495,16,Social Security Administration,Citizen Access Routing Enterprise through 2020-CARE 2020,793,,FY11 CARE through 2020,Transition and Development.,01/10/2010,30/09/2011,30/09/2011,30/09/2011,46.36025,0,0,1.30811,2.82,46.36025,45.05214,09/11/2011,13:59:55,CARE0401
016-000002139,495,16,Social Security Administration,Citizen Access Routing Enterprise through 2020-CARE 2020,794,,FY12 Transition and Development Management Resources,Contractor and Government Budgeted (SITAR) Resources  as well as Engineering Support Services.,01/10/2011,30/09/2012,30/09/2012,30/09/2012,2.82,0,0,0.04393,1.56,2.81942,2.77549,27/08/2012,08:35:39,CARE0501
016-000002139,495,16,Social Security Administration,Citizen Access Routing Enterprise through 2020-CARE 2020,795,,FY12 Interactive Voice Response (IVR) Services,Automated Applications for SSA National 800 Number.,27/11/2011,30/09/2012,30/09/2012,30/09/2012,18.4,0,0,-0.48,-2.61,18.4,18.88,27/08/2012,08:35:39,CARE0502
016-000002139,495,16,Social Security Administration,Citizen Access Routing Enterprise through 2020-CARE 2020,796,,FY12 Computer Telephony Interation (CTI) Desktop Project,Agent/Supervisor Desktop as well as Screen Pop.,01/10/2011,30/09/2012,30/06/2012,30/09/2012,6,-92,-33.7,0,0,6,6,30/07/2012,15:19:52,CARE0503
016-000002139,495,16,Social Security Administration,Citizen Access Routing Enterprise through 2020-CARE 2020,797,,FY12 Management Information (MI) Reporting,Reporting system providing cradle to grave information for reviewing and improving performance.,01/10/2011,30/09/2012,31/03/2012,30/09/2012,8.75,-183,-100.55,0,0,8.75,8.75,27/08/2012,08:35:39,CARE0504
018-000001140,802,18,Department of Education,Integrated Partner Management (IPM),1589,,Integrated Partner Management (IPM) - FY 2012,Requirements, Development, Training and Implementation.,15/03/2012,28/09/2012,,,4.528542,0,0,0,0,4.528,4.528,26/06/2012,15:56:55,A
018-000001140,802,18,Department of Education,Integrated Partner Management (IPM),1590,,FY11: IPM Iteration 1 and Iteration 2,Complete Iteration 1 and Iteration 2 for IPM.,24/03/2011,12/11/2012,,,8.862,0,0,0,0,8.862,8.862,29/02/2012,06:57:03,B
018-999993200,803,18,Department of Education,Budget Formulation and Execution Line of Business (BFE),1337,,BFELoB,Development and maintenance of BFELoB IT tools.,01/08/2011,31/07/2012,31/07/2012,31/07/2012,1.145,-31,-8.49,-0.002269,-0.2,1.145,1.147269,26/07/2012,11:21:45,1
018-000001040,804,18,Department of Education,Integrated Support Service (ISS),1360,,FY12 Maintenance,Upgrade Oracle Database from version 10.2.0.4 to version 11g to maintain currency.,16/07/2012,16/11/2012,16/11/2012,22/06/2012,0.5,147,119.51,0.149,29.8,0.5,0.351,26/07/2012,11:21:46,1
018-000002280,806,18,Department of Education,Integrated Postsecondary Education Data System (IPEDS),1354,,2011-12 Collection Task 3: Web Based Data Collection Software,Development and maintenance of data collection software to facilitate 2011-12 surveys.,01/06/2011,31/08/2012,31/08/2012,31/08/2012,1.34141,0,0,0.001368,0.18,0.772212,0.770844,26/07/2012,11:21:46,1
019-000000122,559,19,Department of Energy,CF iManage,1412,,STRIPES:  Western Deployment,Deployment the STRIPES/PRISM software to the Western Area Power Administration.  And integrate STRIPES into their existing accounting system.,11/10/2011,08/11/2011,08/11/2011,25/10/2011,0.006,14,50,0.00136,22.67,0.006,0.00464,23/02/2012,13:48:24,A100000000
019-000000122,559,19,Department of Energy,CF iManage,1413,,STRIPES:  Labor Intensive Processes,Identify, evaulate, and streamline current labor intesive Help Desk / User / STRIPES Team processes.,03/10/2011,29/02/2012,29/02/2012,28/10/2011,0.0035,124,83.22,-0.000077,-2.2,0.0035,0.003577,23/02/2012,13:48:24,A200000000
019-000000122,559,19,Department of Energy,CF iManage,1414,,STRIPES:  Integration with the Office of Science Portfolio Analysis Management System (PAMS),Integration 3 under the PAMS Project Plan:  Create a partial requisition in STRIPES and transmit meta data back to PAMS.,01/02/2012,30/08/2012,30/08/2012,30/08/2012,0.004,-1,-0.47,0,0,0.004,0.004,27/04/2012,05:54:44,A300000000
019-000000122,559,19,Department of Energy,CF iManage,1415,,STRIPES Upgrade,Evaluate, and analyze the Compusearch PRISM version 7.x.  Develop project plan.,27/07/2012,28/09/2012,,,0.008,0,0,0,0,0.008,0.008,23/09/2011,09:19:03,A400000000
019-000000122,559,19,Department of Energy,CF iManage,1416,,CHRIS: PeopleSoft 9.1 Transition,Continuation of the PeopleSoft release 9.1 software implementation in CHRIS, retaining critical DOE mods and functionality. Funding for this project is part of the O&M budget for CHRIS.,03/10/2011,02/05/2012,02/05/2012,02/05/2012,0.6286,0,0,0,0,0.6286,0.6286,30/05/2012,09:09:00,B100000000
020-000016005,395,20,Environmental Protection Agency,CDX - Central Data Exchange,1543,,CDX FY2012 Planning,Assess and evaluate CDX strategic design and operations.,01/10/2011,30/09/2012,30/09/2012,30/09/2012,1.72,0,0,0.2484,16.24,1.53,1.2816,28/08/2012,12:27:41,16005A
020-000016005,395,20,Environmental Protection Agency,CDX - Central Data Exchange,1544,,CDX FY2012 Development,Develop new CDX data exchanges and implement improvements/enhancements.,01/10/2011,30/09/2012,,,6.69,0,0,0.6354,10.65,5.965,5.3296,28/08/2012,12:27:41,16005B
020-000016026,398,20,Environmental Protection Agency,EPASS - Environmental Protection Agency Personnel Access and Security System,1970,,Project Management,PM Plan, SLCM Plans and Artifacts, Budget Management, Risk Management, Schedule Management, Configuration Management, In Process Reviews, PM Meetings, Requirements Management.,01/10/2011,30/09/2012,30/09/2012,30/09/2012,0.2218,0,0,0,0,0.2218,0.2218,29/05/2012,12:55:54,16026-A
020-000016026,398,20,Environmental Protection Agency,EPASS - Environmental Protection Agency Personnel Access and Security System,1971,,Compliance and Program Reporting,Status Briefings, OMB Reporting, EPA Reporting.,01/10/2011,30/09/2012,30/09/2012,30/09/2012,0.1546,0,0,0,0,0.1546,0.1546,29/05/2012,12:55:54,16026-B
020-000016026,398,20,Environmental Protection Agency,EPASS - Environmental Protection Agency Personnel Access and Security System,1972,,Interoperability and Intraoperability Requirements,Interoperability Meetings, Backend Attribute Exchange (BAE) Requirements.,01/10/2011,30/09/2012,30/09/2012,30/09/2012,0.1546,0,0,0,0,0.1546,0.1546,29/05/2012,12:55:54,16026-C
021-142305975,3,21,Department of Transportation,FAAXX704: Automatic Dependent Surveillance-Broadcast (ADS-B),866,1,Colorado Wide Area Multilateration (WAM Phase 2),Implement ADS-B/multilateration surveillance systems at 4 Colorado mountain airports - APB MILESTONE.,01/08/2010,30/06/2013,30/09/2012,30/09/2012,9.109222,0,0,0.442285,5.56,7.951419,7.509134,23/08/2012,11:32:48,1
021-142305975,3,21,Department of Transportation,FAAXX704: Automatic Dependent Surveillance-Broadcast (ADS-B),867,2,3 Nautical Mile Separation,Enable three-mile separation standards in order to move airplanes more efficiently through the NAS.,01/10/2010,30/06/2012,30/06/2012,30/09/2012,3.489873,-92,-25.21,0.691047,19.8,3.489873,2.798826,23/08/2012,11:32:48,2
021-142305975,3,21,Department of Transportation,FAAXX704: Automatic Dependent Surveillance-Broadcast (ADS-B),868,3,Automation Upgrades,The Automation Upgrades project includes ERAM, ATOP and STARS.,01/10/2010,31/01/2013,31/10/2012,31/10/2012,80.567407,0,0,0.349091,0.48,72.441127,72.092036,25/07/2012,14:43:58,3
021-142305975,3,21,Department of Transportation,FAAXX704: Automatic Dependent Surveillance-Broadcast (ADS-B),869,4,Air Traffic Control (ATC) Surface Advisory Services,Integration of aircraft position data from ADS-B transmissions into ATC Surface Advisory Services.,01/10/2010,30/09/2014,30/09/2012,30/09/2012,142.149761,0,0,8.151432,29.17,27.942732,19.7913,25/07/2012,14:43:58,4
021-142305975,3,21,Department of Transportation,FAAXX704: Automatic Dependent Surveillance-Broadcast (ADS-B),870,5,Ground Based Interval Management (GIM),Display of along-track guidance, control and indications, and alerts.,01/10/2010,30/09/2014,31/10/2012,31/10/2012,104.430457,0,0,0.287068,1.62,17.707637,17.420569,25/05/2012,10:20:20,5
023-000003060,602,23,General Services Administration,Cloud Computing,330,,Data Center Consolidation,The FDCCI is the federal government's primary source for collaboration across agency lines regarding data center consolidation requirements, sustainable data center facility management, and other topics necessary to facilitate this aggressive and necessary effort. The FDCCI is responsible to accepting and analyzing agency data center consolidation reports, as well as facilitating, enabling, and ensuring the closures of agency data centers en route to a 800 total closures by 2015 governmentwide.,01/10/2011,30/09/2012,30/09/2012,30/09/2012,0.732,0,0,0,0,0.732,0.732,13/07/2012,07:40:31,1
023-000003060,602,23,General Services Administration,Cloud Computing,331,,Cloud Computing,The FCCI's primary objective is to facilitate the secure adoption of cloud computing across government. The Initiative has a proven track record of producing tangible, measurable results that lead to the cheaper, better, faster, and greener deployment of cloud solutions via a consensus-based governance approach that takes into account the requirements of all federal agencies.,01/10/2011,30/09/2012,30/09/2012,30/09/2012,0.492,0,0,0,0,0.492,0.492,13/07/2012,07:40:31,2
023-000003060,602,23,General Services Administration,Cloud Computing,332,,Federal Risk and Authorization Management Program,FedRAMP is a shared security assessment and continuous monitoring service for Cloud Systems - designed to gain efficiencies by leveraging standardization, best practices and automation across government.,01/10/2011,30/09/2012,30/09/2012,30/09/2012,1.218,0,0,0,0,1.218,1.218,13/07/2012,07:40:31,3
023-000003302,603,23,General Services Administration,Data.gov,307,,Data.gov FY12 DME Program Management,Strategy, planning, requirements, architecture, performance management, financial management, schedule management.,01/10/2011,30/09/2012,30/09/2012,30/09/2012,1,0,0,0,0,1,1,13/07/2012,07:40:31,12-Jan
023-000003302,603,23,General Services Administration,Data.gov,308,,Data.gov FY12 DME Infrastructure,Interactive catalog/shared dataset hosting, DMS, website.,01/10/2011,30/09/2012,30/09/2012,30/09/2012,1.93,0,0,0,0,1.93,1.93,13/07/2012,07:40:31,12-Feb
024-000009102,134,24,Department of Homeland Security,A&O - Homeland Security Information Network (HSIN),290,174076,HSIN 3.0 DME,Develop the HSIN 3.0 system utilzing Agile development.,01/09/2011,01/05/2013,01/04/2013,01/04/2013,22.342,0,0,-0.012,-0.05,22.342,22.354,22/08/2012,04:14:13,1
024-000009102,134,24,Department of Homeland Security,A&O - Homeland Security Information Network (HSIN),291,174078,HS SLIC Consolidation,Consolidation of the I&A HS SLIC portals from an outside hosted vendor to HSIN.,15/03/2011,30/12/2011,30/12/2011,01/12/2011,2.5,29,11.84,0,0,1.6,1.6,27/04/2012,06:09:00,2
024-000009102,134,24,Department of Homeland Security,A&O - Homeland Security Information Network (HSIN),292,180318,Two Factor Authentication in Legacy,Establishing a Two factor Authentication for HSIN Legacy for acctive users.,02/02/2011,30/09/2011,30/08/2011,30/08/2011,0.313,0,0,0.158,50.48,0.313,0.155,24/02/2012,14:10:03,3
024-000009104,135,24,Department of Homeland Security,A&O - Common Operational Picture (COP),1644,178024,DHS COP Infrastructure deployment @ DHS Data Center 2,Platform deployment: Complete build & deployment of dedicated COP infrastructure to DHS Data Center 2.,02/02/2011,15/12/2011,02/12/2011,01/12/2011,0.5,1,0.41,-0.095,-19,0.5,0.595,30/04/2012,09:25:20,1
024-000009104,135,24,Department of Homeland Security,A&O - Common Operational Picture (COP),1645,178021,DHS COP enhanced functionality capabilities,Advanced Functionality Capabilities: Incident Management, Request For Information, Reporting, Auto-Ingest, Email Triage and visualization.,15/12/2011,15/12/2012,15/01/2012,17/02/2012,2.4,-33,-106.45,0,0,0.1,0.1,30/04/2012,09:25:20,2
025-000004370,665,25,Department of Housing and Urban Development,Core Financial Services,1311,,HIFMIP,The HIFMIP initiative will result in A-100 HUD Integrated core financial system (ICFS); ICFS manage the flow of financial information across HUD's information systems, maintain compliance with JFMIP requirements, and supports the HUD's Enterprise Architecture. September 2010 this project entered into the Design/Exec Phase. With an 18 mth base period, HIFMIP will: Replace the functionality of HUDCAPS and PAS with ICFS. Migrate FHAs current system to the HIFMIP Shared Service Provider.,27/09/2010,15/05/2012,26/03/2012,05/07/2012,40.7,-158,-28.94,0,0,25.297873,25.297873,29/02/2012,08:28:51,411740
025-000004570,669,25,Department of Housing and Urban Development,Mortgage Insurance,1117,,FHA Transformation,The FHA Transformation Initiative has procured a modern federal financial services platform, composed of commercially available products and services, for all of FHA's insurance programs - Single Family Housing, Multifamily Housing, and the Insured Health Care portfolio. The program will implement a case management business model that addresses the loan-lifecycle (e.g., initial data submission, endorsement, servicing) and risk analytics platform to better understand dynamic market trend.,12/01/2010,30/09/2016,,,51.5,0,0,0,0,47.103,47.103,28/02/2012,15:12:52,663990
025-000004570,669,25,Department of Housing and Urban Development,Mortgage Insurance,2950,,MultiFamily Housing Development and Automated Underwriting Solution,Implementation of an industry specific, COTS automated underwriting solution that leverages the FHA Federal Financial Services Platform (FFSP).  It will enable HUD to manage the upfront risks of the MFH underwriting process effectively; adapt to changing market conditions with flexibility and agility; and effectively monitor and enforce lender performance.,10/02/2011,31/07/2013,31/10/2012,31/10/2012,7,0,0,0,0,6.45,6.45,29/02/2012,09:35:41,251540
025-000004480,738,25,Department of Housing and Urban Development,Grants Management,1299,,HEARTH Act Implementation Project / eGrants,The HEARTH Act directs HUD to undertake a new approach to how HUD provides assistance, housing, and supportive services to homeless populations. A new, integrated approach encourages leveraging across regional geographies, grantees, and grant programs. HEARTH enhancements across several HUD grant management systems will improve customer service and grantee results and improve efficiency through new capabilities. Each system represents a segment of HUD's end-to-end grants management solution.,15/11/2010,31/10/2013,,,25.6,0,0,-0.091359,-0.62,14.785835,14.877194,28/02/2012,07:33:18,CPDHEARTH
025-000004480,738,25,Department of Housing and Urban Development,Grants Management,1300,,Grants Management - Automated Environment Review &amp; HOME Program Financial Controls,Automate the paper-based Environmental review process for HUD funded construction. The current paper process is cumbersome to grantees and HUD staff and lacks accurate tracking of review status, number of reviews completed, and the environmental impact of HUD grantees. This project also enhances financial controls and reports for the HOME program, to lower risk of funding recapture due to idiosyncratic system rules, improve program compliance, and close several IG Audit findings.,19/09/2011,30/05/2012,,,3,-122,-54.46,0,0,2.805258,2.805258,29/02/2012,08:29:03,CPDHOME
026-000002411,32,26,National Aeronautics and Space Administration,Integrated Collaborative Environment,734,61712,Integration with the Security Operations Center,Integration with the Security Operations Center.,01/06/2011,02/01/2012,02/01/2012,11/03/2012,0.25,-69,-32.09,0,0,0.25,0.25,29/03/2012,05:35:46,61712
026-000002411,32,26,National Aeronautics and Space Administration,Integrated Collaborative Environment,735,61714,Complete Hardware Refresh with a more virtualized environment,Complete Hardware Refresh with a more virtualized environment.,01/06/2011,01/01/2012,01/01/2012,11/03/2012,1.5,-70,-32.71,0,0,1.5,1.5,29/03/2012,05:35:46,61714
026-000002411,32,26,National Aeronautics and Space Administration,Integrated Collaborative Environment,736,61713,Upgrade all COTS products to the current version,Upgrade all COTS products to the current version.,01/07/2011,30/06/2012,30/06/2012,30/06/2012,0.5,-62,-16.99,0,0,0.5,0.5,27/04/2012,06:02:56,61713
026-000002411,32,26,National Aeronautics and Space Administration,Integrated Collaborative Environment,737,61729,FY11 Operational Support,Project item to closeout FY11 O&M milestones currently reporting on the IT Dashboard.,01/10/2010,30/09/2011,30/09/2011,30/09/2011,13,0,0,0,0,13,13,30/11/2011,06:56:18,61729
026-000001501,37,26,National Aeronautics and Space Administration,NASA Earth Observing System Data Information System (EOSDIS),790,60828,FY11 Continuing Science Operations,Science Operations reported on the IT Dashboard. Included to allow closeout of FY11 per OMB guidance.,01/10/2010,30/09/2011,30/09/2011,30/09/2011,116.733,0,0,-0.972,-0.85,114.126,115.098,27/10/2011,11:08:31,60828
027-000000010,593,27,Office of Personnel Management,Consolidated Business Information System (CBIS),1138,,Acquistion Services,These dollars were planned to cover costs incurred as a result of potential changes to the investment requirements.  Please note that while these costs are included, actual costs may be within a +/- 15 variance as anticipated for efforts of this type.,03/10/2011,28/09/2012,,,0.2,0,0,0,0,0.2,0.2,05/12/2011,08:42:41,B-1-2
027-000000010,593,27,Office of Personnel Management,Consolidated Business Information System (CBIS),1139,,Operations and Maintenance,These costs ensure that all facets of operations and maintenance activities of CBIS are performed. A non-exhaustive list of examples of the type of work to be performed under this task area include: Operational support, Software support, Network/hardware support, Technical support, Help desk assistance, IT service mgmt, server mgmt, software license mgmt,  Client/server operations, training, and logistics support.,03/10/2011,28/09/2012,,,4.29,0,0,0,0,4.287624,4.287624,05/12/2011,08:42:41,C-1 - C-10
027-000000010,593,27,Office of Personnel Management,Consolidated Business Information System (CBIS),1140,,Critical Agency CBIS Tasks,These tasks were mandated by the investment's Executive Steering Committee to address key task and priorities noted within the investment's revised vision to achieve 90- 95% functionality of the CBIS Phase 1 solution.  Currently, the agency has claimed success of the investment in achieving 75% functionality of the documented requirements.,01/04/2011,14/10/2011,11/10/2011,11/10/2011,0.865,-325,-168.39,0,0,0.864693,0.864693,05/12/2011,08:42:42,C-9 - C-10
027-000000010,593,27,Office of Personnel Management,Consolidated Business Information System (CBIS),1141,,CBIS FY11 Tasks and Milestones,These dollars have been allocated for the completion of all planned FY11 tasks and milestones.,01/10/2009,30/12/2011,30/12/2011,30/12/2011,13.4,-245,-29.88,0,0,13.308513,13.308513,05/12/2011,08:42:42,FY11
027-999990032,594,27,Office of Personnel Management,Human Resources Line of Business (HR LOB),176,,Human Resources Line of Business,The HR LOB drives improved HR solutions and services through the establishment of SSCs, service delivery models and strategies for agencies. HR LOB supports agencies in implementing strategic and consultative HR practices through migration of selected HR functions to SSCs consistent with the business model determined by the agency. HR LOB's role in defining the business model and functions while holding SSCs accountable for meeting agencies' needs is essential to improved services.,03/10/2005,29/09/2017,,,60.662272,0,0,0.000069,0,13.19327,13.193201,30/04/2012,06:18:45,HRLOB-0001
028-000001004,461,28,Small Business Administration,OCA: Loan Accounting System (LAS),1455,16181,PROJ: LAS ADMIN,This project includes office space expenses for the LMAS-IIPs.,10/09/2010,26/05/2011,26/05/2011,26/05/2011,0.034,0,0,0,0,0.034,0.034,29/06/2012,10:25:21,16181
028-000001004,461,28,Small Business Administration,OCA: Loan Accounting System (LAS),1456,16182,PROJ: LAS Document Loan Accounting,This project will include documenting the loan accounting environment after the mainframe is retired.,01/06/2012,28/06/2013,,,1.2237,0,0,0,0,1.2237,1.2237,29/06/2012,10:25:21,16182
028-000001004,461,28,Small Business Administration,OCA: Loan Accounting System (LAS),1457,16183,PROJ: LAS Implement Improvements,Implement those enhancements identified from the analysis efforts conducted as part of  Root Cause Analysis Project.,01/06/2012,30/07/2013,,,3.6407,0,0,0,0,3.6407,3.6407,29/06/2012,10:25:21,16183
028-000001004,461,28,Small Business Administration,OCA: Loan Accounting System (LAS),1458,16184,PROJ: LAS Incremental UI,The Incremental Migration of User Interfaces project involves migrating from the mainframe to existing SBA web applications.,27/09/2010,27/05/2012,30/04/2012,27/05/2012,1.6193,-27,-4.65,-0.0163,-1.01,1.6192,1.6355,29/06/2012,10:25:21,16184
028-000001004,461,28,Small Business Administration,OCA: Loan Accounting System (LAS),1459,16185,PROJ: LAS Perform Root Cause,Perform root cause analyses for known issues and identify potential solutions. Also, analyze desired enhancements and assess means for achieving those deemed feasible, including the possible acquisition of new systems and services to further enhance the Agency's financial management systems and controls. Develop supporting cost and schedule estimates as well as required business cases.,01/06/2011,31/08/2012,31/08/2012,31/08/2012,0.7257,0,0,0.0195,2.69,0.7257,0.7062,30/07/2012,11:35:44,16185
029-888888105,7,29,Department of Veterans Affairs,InterAgency 21st Century-One Vet,2368,1003180603,Veterans On Line Application (VONAPP) II,Veterans On Line Application (VONAPP) II is a new Web service that will reside on the eBenefits portal as a portlet. Veterans will launch the portlet to submit electronic claims for Veterans Benefits Administration (VBA) benefits. VONAPP II funding will cover DME and sustainment of the new portlet and sustainment of VONAPP Legacy until it can be retired.,18/02/2011,30/09/2015,,,30.49,-103,-28.93,0,0,2.97375,2.97375,21/06/2012,10:42:03,1003180603
029-888888105,7,29,Department of Veterans Affairs,InterAgency 21st Century-One Vet,2369,1006040604,VAM Health Resource Center (HRC) Phase II,Voice Access Modernization (VAM) will expand and enhance the features of the newly deployed architecture located at the Health Resource Center (HRC). This project will incorporate system components required to produce desired objectives in a manner that requires minimal maintenance while remaining flexible enough to accommodate frequent changes in routing, delivery, integration, and service expansion.,28/04/2011,30/09/2014,03/04/2012,03/04/2012,47.256105,-150,-43.99,0,0,0.177984,0.177984,17/04/2012,11:54:32,1006040604
029-888888105,7,29,Department of Veterans Affairs,InterAgency 21st Century-One Vet,2370,1007290604,E-Benefits Portal,The E-Benefits Portal project for Veterans Relationship Management (VRM) is a joint effort by the Department of Defense (DoD) and Department of Veterans Affairs (VA) to provide Veterans, service members, and their dependents and caregivers with a single Web-based touch point between VA and DoD, providing information about benefits using self-service transactional and interactive capabilities.,05/04/2010,18/11/2012,18/11/2012,18/11/2012,67.026,0,0,0,0,9.05,9.05,21/06/2012,10:42:03,1007290604
029-888888105,7,29,Department of Veterans Affairs,InterAgency 21st Century-One Vet,2371,1009300603,VAM Health Resource Center (HRC) Phase I,To expand/enhance features of the current telephony architecture located at the Health Resource Center, utilizing the existing Public Branch Exchange (PBX) telephony switch, and incorporate system components required to produce desired objectives in a manner that accommodates minimal maintenance and human effort while remaining flexible enough to accommodate frequent change in routing, delivery, integration, and service expansion/extension related to management of inbound voice and data contact.,01/06/2010,30/12/2011,30/12/2011,30/12/2011,3.582984,-245,-134.62,0,0,1.702803,1.702803,19/01/2012,14:58:55,1009300603
029-888888105,7,29,Department of Veterans Affairs,InterAgency 21st Century-One Vet,2372,1010180603,IAM Identity Services,Provides enterprise level identity management services allowing us to uniquely identify individuals across Department of Veterans Affairs (VA) and determine in which VA systems the individual is known and their associated identifier in those systems.,15/07/2009,30/09/2016,16/05/2012,16/05/2012,114.572699,-107,-39.05,0.032532,0.25,13.163177,13.130645,19/03/2012,08:43:00,1010180603
184-000000008,10,184,U.S. Agency for International Development,GLAAS - Global Assistance and Acquisition System,1580,PRISM7-1,GLAAS PRISM 7.1 Upgrade,This project upgrades the PRISM 6.5 COTS Acquisition and Assistance software platform that GLAAS is built upon to version 7.1. PRISM 7.1 introduces a new application framework and redesigned user interface. GLAAS is currently live and the PRISM 6.5 software version will remain supported by the vendor, Compusearch Software Systems, through the end of CY2012.,01/02/2012,30/09/2013,31/12/2012,31/12/2012,6.836,0,0,5.637043,82.46,6.836,1.198957,22/08/2012,14:18:24,PRISM7
184-000000008,10,184,U.S. Agency for International Development,GLAAS - Global Assistance and Acquisition System,1581,EDR,GLAAS Enterprise Disaster Recovery,This project reflects the upgrade and scaling of the interim GLAAS disaster recovery capabilities to the CIO's Enterprise solution at the consolidated disaster recovery site. It is a continuation of the investment beginning in FY12. The FY13 funding at $452k represents 30% of the total GLAAS Enterprise Disaster Recovery effort at $1.52M.,01/10/2011,30/09/2013,,,1.522,0,0,1.522,100,1.522,0,29/05/2012,12:10:59,EDR
184-000000028,11,184,U.S. Agency for International Development,IT Transition,2557,EDM-2011-1,Identify authoritative data sets,Identify authoritative data sets.,01/02/2011,30/08/2011,30/08/2011,30/08/2011,0.025,0,0,0,0,0.025,0.025,02/12/2011,12:43:12,EDM-2011-1
184-000000028,11,184,U.S. Agency for International Development,IT Transition,2558,EDM-2011-2,Select data sets,Select authoritative data sets.,01/02/2011,30/08/2011,30/08/2011,30/08/2011,0.02,0,0,0,0,0.02,0.02,02/12/2011,12:43:12,EDM-2011-2
184-000000028,11,184,U.S. Agency for International Development,IT Transition,2559,CLD-2011-1,Develop migration criteria,Develop migration selection criteria.,15/03/2011,30/09/2011,30/09/2011,30/09/2011,0.036,0,0,0.006,16.67,0.036,0.03,02/12/2011,12:43:12,CLD-2011-1
202-000001017,761,202,U.S. Army Corps of Engineers,Electronic Data Warehouse,595,,Deployment amp; Growth,Integration of additional corporate data.,01/10/2011,30/09/2012,,,4,0,0,0,0,4,4,27/06/2012,12:50:27,A
202-000001020,763,202,U.S. Army Corps of Engineers,Emergency Response Program (ENGLink),598,,ENGLink Interactive O and M,ENGLink v1.0/2.0 O & M.,20/09/1997,30/09/2015,02/11/2012,02/11/2012,12.047,0,0,0,0,0.15,0.15,28/08/2012,10:59:32,B
202-000001031,766,202,U.S. Army Corps of Engineers,Operations & Maintenance Business Info Link PLUS (OMBIL),644,,LPMS Integration,Merge duplicate data entry systems into one online application.,01/10/2009,30/09/2013,30/09/2012,30/09/2012,0.605,0,0,0.00002,0.02,0.125002,0.124982,28/08/2012,09:55:20,A
202-000001031,766,202,U.S. Army Corps of Engineers,Operations & Maintenance Business Info Link PLUS (OMBIL),645,,WCSC Navigation Module Modernization,Improve the collection capabilities of the navigation module and upgrade the system by automating the remaining input processes.,01/10/2011,30/09/2013,30/09/2012,30/09/2012,0.65,0,0,0,0,0.16,0.16,29/05/2012,11:41:01,B
202-000001060,768,202,U.S. Army Corps of Engineers,Real Estate Management Information System (REMIS),1245,,FY 2012 - Integrated T and E / Deploy,Milestone 40299 - Testing and Deployment of all changes made to REMIS, including O&M and enhancements.,03/10/2011,28/09/2012,28/09/2012,28/09/2012,0.7,0,0,0,0,0.7,0.7,30/04/2012,07:34:55,C
393-000000031,789,393,National Archives and Records Administration,Archives and Records Center Information System (ARCIS),269,31.1,Develop and Implement Increment 5 - Workflow Engineering.,Improve ARCIS customer and Employee Portals.,17/09/2011,16/09/2012,16/09/2012,16/09/2012,0.35,0,0,0.03,8.57,0.35,0.32,27/07/2012,14:06:59,1
393-000000031,789,393,National Archives and Records Administration,Archives and Records Center Information System (ARCIS),270,31.2,Develop and Implement Increment 5 - Reports.,Make information available to ARCIS users.,17/09/2011,16/09/2012,16/09/2012,16/09/2012,0.237,0,0,0.001,0.42,0.237,0.236,27/07/2012,14:06:59,2
393-000000031,789,393,National Archives and Records Administration,Archives and Records Center Information System (ARCIS),271,31.3,Develop and Implement Increment 5 - Registry Phase 2,Work towards decommissioning the VA Registry applications.,17/09/2011,16/09/2012,,,0.85,0,0,0.004,0.47,0.85,0.846,27/07/2012,14:06:59,3
393-000000008,790,393,National Archives and Records Administration,IT Infrastructure,287,8.1,MPLS and TIC Bandwidth Upgrade,Upgrade MPLS and TIC Bandwidth based on increased demand.,01/10/2011,30/06/2012,,,0.122,-62,-22.71,0,0,0.122,0.122,27/07/2012,14:07:00,1
393-000000008,790,393,National Archives and Records Administration,IT Infrastructure,288,8.2,IT System Certification and Accreditation (C and A),Certify NARA FISMA reported systems.,01/10/2011,30/09/2012,30/09/2012,30/09/2012,0.991,0,0,-0.0005,-0.05,0.991,0.9915,27/07/2012,14:07:00,2
422-000000032,450,422,National Science Foundation,IT Infrastructure, Office Automation and Telecommunications,1596,3823,Migrate to Cloud,Migration of services to cloud.,01/04/2011,30/09/2012,30/09/2012,30/09/2012,1.027,0,0,0.042,4.09,1.026,0.984,30/08/2012,08:21:34,3823
422-000000032,450,422,National Science Foundation,IT Infrastructure, Office Automation and Telecommunications,1597,3824,Government-Wide Initiatives,Activities related to the implementation of government-wide initiatives such as IPV6 and TIC.,01/01/2011,30/09/2012,30/09/2012,30/09/2012,1.14,0,0,0.039,3.42,1.14,1.101,30/08/2012,08:21:34,3824
422-000000032,450,422,National Science Foundation,IT Infrastructure, Office Automation and Telecommunications,1598,3825,Data Center Transition,Activities in support of the Federal Data Center Consolidation Initiative (FDCCI).,01/10/2011,30/09/2012,30/09/2012,30/09/2012,2.222,0,0,-0.002,-0.09,2.222,2.224,30/08/2012,08:21:34,3825
422-000000032,450,422,National Science Foundation,IT Infrastructure, Office Automation and Telecommunications,1599,3826,Technology Upgrades (Infrastructure),Routine technology upgrades to hardware and software platforms.,01/10/2011,30/09/2012,30/09/2012,30/09/2012,2.788,0,0,0.02,0.72,2.787,2.767,30/08/2012,08:21:34,3826
422-000000032,450,422,National Science Foundation,IT Infrastructure, Office Automation and Telecommunications,1600,3827,Future NSF,Planning for the move of the NSF facility.,01/07/2012,30/09/2012,30/09/2012,30/09/2012,0.265,0,0,-0.018,-6.79,0.265,0.283,30/08/2012,08:21:34,3827
429-000002005,4,429,Nuclear Regulatory Commission,Incident Response System (IRS),1041,,Emergency Telecommunication System (ETS),Maintenance activities to support telephone circuits and equipment during an emergency to communicate with all commercial nuclear power plants (NPPs) and major fuel cycle facilities.,01/10/2011,30/09/2012,30/09/2012,30/09/2012,0.32,0,0,0,0,0.32,0.32,23/04/2012,13:09:35,1
429-000002005,4,429,Nuclear Regulatory Commission,Incident Response System (IRS),1042,,Secure Video Telecommunications System (SVTC),Maintenance activities to support a secret level video conferencing capability to perform classified face to face coordination with other government agencies.,01/10/2011,30/09/2012,28/09/2012,28/09/2012,0.6,0,0,0,0,0.6,0.6,23/04/2012,13:09:35,2
429-000002005,4,429,Nuclear Regulatory Commission,Incident Response System (IRS),1043,,Emergency Response Data System (ERDS),Maintenance activities to support NRC licensees to transmit reactor data points to the HOC for independent safety analysis.,01/10/2011,30/09/2012,30/09/2012,30/09/2012,0.84,0,0,0.005,0.6,0.84,0.835,20/07/2012,07:32:44,3
429-000002005,4,429,Nuclear Regulatory Commission,Incident Response System (IRS),1044,,Operations Center Information Management System  (OCIMS),Maintenance activities to support NRC Headquarters Operations Center technical capabilities that includes a range of services for data, display and voice.,01/10/2011,30/09/2012,30/09/2012,30/09/2012,0.952,0,0,0.001,0.11,0.952,0.951,20/07/2012,07:32:44,4
429-000001020,9,429,Nuclear Regulatory Commission,Budget Formulation System (BFS),744,,EPM 11.1.2.1 Upgrade,Service Pack upgrade 11.1.2.1, FAIMIS to BFS Integration and establishment of Salaries and Benefit Application.,05/07/2011,30/09/2011,23/09/2011,14/10/2011,0.181,-21,-39.62,0.001,0.56,0.18,0.179,27/01/2012,13:39:57,2011A
